{"coef": [0.4486749096657177, 0.009724257517904874, -0.1233233428279594, 0.7831449067929728, -2.0296205801399736e-06, -0.0035263184871342584, -0.4197924865883591, -0.4337080649639869], "intercept": -37.023277706064064}