{"coef": [44.43716999225497], "intercept": 1.1651153205269726}